"45.84.0.164","ClimbingMountEverestBlackByteBytesBack","https://research.nccgroup.com/2022/07/13/climbing-mount-everest-black-byte-bytes-back/"
"107.173.143.111","TargetedAttackonGovernmentAgencies","https://www.trellix.com/en-us/about/newsroom/stories/threat-labs/targeted-attack-on-government-agencies.html"
"161.129.64.49","AnAnalysisofInfrastructurelinkedtotheHaggaThreatActor","https://team-cymru.com/blog/2022/07/12/an-analysis-of-infrastructure-linked-to-the-hagga-threat-actor/"
"69.174.99.181","AnAnalysisofInfrastructurelinkedtotheHaggaThreatActor","https://team-cymru.com/blog/2022/07/12/an-analysis-of-infrastructure-linked-to-the-hagga-threat-actor/"
"103.151.122.110","AnAnalysisofInfrastructurelinkedtotheHaggaThreatActor","https://team-cymru.com/blog/2022/07/12/an-analysis-of-infrastructure-linked-to-the-hagga-threat-actor/"
"207.32.217.137","AnAnalysisofInfrastructurelinkedtotheHaggaThreatActor","https://team-cymru.com/blog/2022/07/12/an-analysis-of-infrastructure-linked-to-the-hagga-threat-actor/"
"72.11.157.208","AnAnalysisofInfrastructurelinkedtotheHaggaThreatActor","https://team-cymru.com/blog/2022/07/12/an-analysis-of-infrastructure-linked-to-the-hagga-threat-actor/"
"192.154.226.47","AnAnalysisofInfrastructurelinkedtotheHaggaThreatActor","https://team-cymru.com/blog/2022/07/12/an-analysis-of-infrastructure-linked-to-the-hagga-threat-actor/"
"72.11.143.47","AnAnalysisofInfrastructurelinkedtotheHaggaThreatActor","https://team-cymru.com/blog/2022/07/12/an-analysis-of-infrastructure-linked-to-the-hagga-threat-actor/"
"64.188.21.227","AnAnalysisofInfrastructurelinkedtotheHaggaThreatActor","https://team-cymru.com/blog/2022/07/12/an-analysis-of-infrastructure-linked-to-the-hagga-threat-actor/"
"72.11.143.125","AnAnalysisofInfrastructurelinkedtotheHaggaThreatActor","https://team-cymru.com/blog/2022/07/12/an-analysis-of-infrastructure-linked-to-the-hagga-threat-actor/"
"103.133.105.61","AnAnalysisofInfrastructurelinkedtotheHaggaThreatActor","https://team-cymru.com/blog/2022/07/12/an-analysis-of-infrastructure-linked-to-the-hagga-threat-actor/"
"194.31.98.108","AnAnalysisofInfrastructurelinkedtotheHaggaThreatActor","https://team-cymru.com/blog/2022/07/12/an-analysis-of-infrastructure-linked-to-the-hagga-threat-actor/"
"78.138.105.142","AnAnalysisofInfrastructurelinkedtotheHaggaThreatActor","https://team-cymru.com/blog/2022/07/12/an-analysis-of-infrastructure-linked-to-the-hagga-threat-actor/"
"103.153.77.98","AnAnalysisofInfrastructurelinkedtotheHaggaThreatActor","https://team-cymru.com/blog/2022/07/12/an-analysis-of-infrastructure-linked-to-the-hagga-threat-actor/"
"155.94.209.50","AnAnalysisofInfrastructurelinkedtotheHaggaThreatActor","https://team-cymru.com/blog/2022/07/12/an-analysis-of-infrastructure-linked-to-the-hagga-threat-actor/"
"42.201.155.21","AnAnalysisofInfrastructurelinkedtotheHaggaThreatActor","https://team-cymru.com/blog/2022/07/12/an-analysis-of-infrastructure-linked-to-the-hagga-threat-actor/"
"42.201.155.40","AnAnalysisofInfrastructurelinkedtotheHaggaThreatActor","https://team-cymru.com/blog/2022/07/12/an-analysis-of-infrastructure-linked-to-the-hagga-threat-actor/"
"64.188.20.198","AnAnalysisofInfrastructurelinkedtotheHaggaThreatActor","https://team-cymru.com/blog/2022/07/12/an-analysis-of-infrastructure-linked-to-the-hagga-threat-actor/"
"64.188.27.104","AnAnalysisofInfrastructurelinkedtotheHaggaThreatActor","https://team-cymru.com/blog/2022/07/12/an-analysis-of-infrastructure-linked-to-the-hagga-threat-actor/"
"173.21.10.71","RiseinQakbotAttacksTracedtoEvolvingThreatTechniques","https://www.zscaler.com/blogs/security-research/rise-qakbot-attacks-traced-evolving-threat-techniques"
"120.150.218.241","RiseinQakbotAttacksTracedtoEvolvingThreatTechniques","https://www.zscaler.com/blogs/security-research/rise-qakbot-attacks-traced-evolving-threat-techniques"
"140.82.49.12","RiseinQakbotAttacksTracedtoEvolvingThreatTechniques","https://www.zscaler.com/blogs/security-research/rise-qakbot-attacks-traced-evolving-threat-techniques"
"172.115.177.204","RiseinQakbotAttacksTracedtoEvolvingThreatTechniques","https://www.zscaler.com/blogs/security-research/rise-qakbot-attacks-traced-evolving-threat-techniques"
"109.12.111.14","RiseinQakbotAttacksTracedtoEvolvingThreatTechniques","https://www.zscaler.com/blogs/security-research/rise-qakbot-attacks-traced-evolving-threat-techniques"
"111.125.245.116","RiseinQakbotAttacksTracedtoEvolvingThreatTechniques","https://www.zscaler.com/blogs/security-research/rise-qakbot-attacks-traced-evolving-threat-techniques"
"103.116.178.85","RiseinQakbotAttacksTracedtoEvolvingThreatTechniques","https://www.zscaler.com/blogs/security-research/rise-qakbot-attacks-traced-evolving-threat-techniques"
"117.248.109.38","RiseinQakbotAttacksTracedtoEvolvingThreatTechniques","https://www.zscaler.com/blogs/security-research/rise-qakbot-attacks-traced-evolving-threat-techniques"
"182.191.92.203","RiseinQakbotAttacksTracedtoEvolvingThreatTechniques","https://www.zscaler.com/blogs/security-research/rise-qakbot-attacks-traced-evolving-threat-techniques"
"106.51.48.170","RiseinQakbotAttacksTracedtoEvolvingThreatTechniques","https://www.zscaler.com/blogs/security-research/rise-qakbot-attacks-traced-evolving-threat-techniques"
"176.67.56.94","RiseinQakbotAttacksTracedtoEvolvingThreatTechniques","https://www.zscaler.com/blogs/security-research/rise-qakbot-attacks-traced-evolving-threat-techniques"
"208.107.221.224","RiseinQakbotAttacksTracedtoEvolvingThreatTechniques","https://www.zscaler.com/blogs/security-research/rise-qakbot-attacks-traced-evolving-threat-techniques"
"173.174.216.62","RiseinQakbotAttacksTracedtoEvolvingThreatTechniques","https://www.zscaler.com/blogs/security-research/rise-qakbot-attacks-traced-evolving-threat-techniques"
"144.202.2.175","RiseinQakbotAttacksTracedtoEvolvingThreatTechniques","https://www.zscaler.com/blogs/security-research/rise-qakbot-attacks-traced-evolving-threat-techniques"
"196.203.37.215","RiseinQakbotAttacksTracedtoEvolvingThreatTechniques","https://www.zscaler.com/blogs/security-research/rise-qakbot-attacks-traced-evolving-threat-techniques"
"210.246.4.69","RiseinQakbotAttacksTracedtoEvolvingThreatTechniques","https://www.zscaler.com/blogs/security-research/rise-qakbot-attacks-traced-evolving-threat-techniques"
"175.145.235.37","RiseinQakbotAttacksTracedtoEvolvingThreatTechniques","https://www.zscaler.com/blogs/security-research/rise-qakbot-attacks-traced-evolving-threat-techniques"
"149.28.238.199","RiseinQakbotAttacksTracedtoEvolvingThreatTechniques","https://www.zscaler.com/blogs/security-research/rise-qakbot-attacks-traced-evolving-threat-techniques"
"140.82.63.183","RiseinQakbotAttacksTracedtoEvolvingThreatTechniques","https://www.zscaler.com/blogs/security-research/rise-qakbot-attacks-traced-evolving-threat-techniques"
"144.202.3.39","RiseinQakbotAttacksTracedtoEvolvingThreatTechniques","https://www.zscaler.com/blogs/security-research/rise-qakbot-attacks-traced-evolving-threat-techniques"
"108.60.213.141","RiseinQakbotAttacksTracedtoEvolvingThreatTechniques","https://www.zscaler.com/blogs/security-research/rise-qakbot-attacks-traced-evolving-threat-techniques"
"148.64.96.100","RiseinQakbotAttacksTracedtoEvolvingThreatTechniques","https://www.zscaler.com/blogs/security-research/rise-qakbot-attacks-traced-evolving-threat-techniques"
"174.69.215.101","RiseinQakbotAttacksTracedtoEvolvingThreatTechniques","https://www.zscaler.com/blogs/security-research/rise-qakbot-attacks-traced-evolving-threat-techniques"
"120.61.2.215","RiseinQakbotAttacksTracedtoEvolvingThreatTechniques","https://www.zscaler.com/blogs/security-research/rise-qakbot-attacks-traced-evolving-threat-techniques"
"179.158.105.44","RiseinQakbotAttacksTracedtoEvolvingThreatTechniques","https://www.zscaler.com/blogs/security-research/rise-qakbot-attacks-traced-evolving-threat-techniques"
"143.0.219.6","RiseinQakbotAttacksTracedtoEvolvingThreatTechniques","https://www.zscaler.com/blogs/security-research/rise-qakbot-attacks-traced-evolving-threat-techniques"
"190.252.242.69","RiseinQakbotAttacksTracedtoEvolvingThreatTechniques","https://www.zscaler.com/blogs/security-research/rise-qakbot-attacks-traced-evolving-threat-techniques"
"102.182.232.3","RiseinQakbotAttacksTracedtoEvolvingThreatTechniques","https://www.zscaler.com/blogs/security-research/rise-qakbot-attacks-traced-evolving-threat-techniques"
"187.251.132.144","RiseinQakbotAttacksTracedtoEvolvingThreatTechniques","https://www.zscaler.com/blogs/security-research/rise-qakbot-attacks-traced-evolving-threat-techniques"
"201.172.23.68","RiseinQakbotAttacksTracedtoEvolvingThreatTechniques","https://www.zscaler.com/blogs/security-research/rise-qakbot-attacks-traced-evolving-threat-techniques"
"104.34.212.7","RiseinQakbotAttacksTracedtoEvolvingThreatTechniques","https://www.zscaler.com/blogs/security-research/rise-qakbot-attacks-traced-evolving-threat-techniques"
"193.136.1.58","RiseinQakbotAttacksTracedtoEvolvingThreatTechniques","https://www.zscaler.com/blogs/security-research/rise-qakbot-attacks-traced-evolving-threat-techniques"
"189.146.87.77","RiseinQakbotAttacksTracedtoEvolvingThreatTechniques","https://www.zscaler.com/blogs/security-research/rise-qakbot-attacks-traced-evolving-threat-techniques"
"186.90.153.162","RiseinQakbotAttacksTracedtoEvolvingThreatTechniques","https://www.zscaler.com/blogs/security-research/rise-qakbot-attacks-traced-evolving-threat-techniques"
"187.207.131.50","RiseinQakbotAttacksTracedtoEvolvingThreatTechniques","https://www.zscaler.com/blogs/security-research/rise-qakbot-attacks-traced-evolving-threat-techniques"
"180.129.108.214","RiseinQakbotAttacksTracedtoEvolvingThreatTechniques","https://www.zscaler.com/blogs/security-research/rise-qakbot-attacks-traced-evolving-threat-techniques"
"121.7.223.45","RiseinQakbotAttacksTracedtoEvolvingThreatTechniques","https://www.zscaler.com/blogs/security-research/rise-qakbot-attacks-traced-evolving-threat-techniques"
"189.253.206.105","RiseinQakbotAttacksTracedtoEvolvingThreatTechniques","https://www.zscaler.com/blogs/security-research/rise-qakbot-attacks-traced-evolving-threat-techniques"
"201.242.175.29","RiseinQakbotAttacksTracedtoEvolvingThreatTechniques","https://www.zscaler.com/blogs/security-research/rise-qakbot-attacks-traced-evolving-threat-techniques"
"124.40.244.115","RiseinQakbotAttacksTracedtoEvolvingThreatTechniques","https://www.zscaler.com/blogs/security-research/rise-qakbot-attacks-traced-evolving-threat-techniques"
"201.145.165.25","RiseinQakbotAttacksTracedtoEvolvingThreatTechniques","https://www.zscaler.com/blogs/security-research/rise-qakbot-attacks-traced-evolving-threat-techniques"
"177.94.57.126","RiseinQakbotAttacksTracedtoEvolvingThreatTechniques","https://www.zscaler.com/blogs/security-research/rise-qakbot-attacks-traced-evolving-threat-techniques"
"148.0.56.63","RiseinQakbotAttacksTracedtoEvolvingThreatTechniques","https://www.zscaler.com/blogs/security-research/rise-qakbot-attacks-traced-evolving-threat-techniques"
"177.209.202.242","RiseinQakbotAttacksTracedtoEvolvingThreatTechniques","https://www.zscaler.com/blogs/security-research/rise-qakbot-attacks-traced-evolving-threat-techniques"
"103.207.85.38","RiseinQakbotAttacksTracedtoEvolvingThreatTechniques","https://www.zscaler.com/blogs/security-research/rise-qakbot-attacks-traced-evolving-threat-techniques"
"1.161.123.53","RiseinQakbotAttacksTracedtoEvolvingThreatTechniques","https://www.zscaler.com/blogs/security-research/rise-qakbot-attacks-traced-evolving-threat-techniques"
"191.34.120.8","RiseinQakbotAttacksTracedtoEvolvingThreatTechniques","https://www.zscaler.com/blogs/security-research/rise-qakbot-attacks-traced-evolving-threat-techniques"
"189.78.107.163","RiseinQakbotAttacksTracedtoEvolvingThreatTechniques","https://www.zscaler.com/blogs/security-research/rise-qakbot-attacks-traced-evolving-threat-techniques"
"197.94.94.206","RiseinQakbotAttacksTracedtoEvolvingThreatTechniques","https://www.zscaler.com/blogs/security-research/rise-qakbot-attacks-traced-evolving-threat-techniques"
"176.205.23.48","RiseinQakbotAttacksTracedtoEvolvingThreatTechniques","https://www.zscaler.com/blogs/security-research/rise-qakbot-attacks-traced-evolving-threat-techniques"
"197.87.182.115","RiseinQakbotAttacksTracedtoEvolvingThreatTechniques","https://www.zscaler.com/blogs/security-research/rise-qakbot-attacks-traced-evolving-threat-techniques"
"109.178.178.110","RiseinQakbotAttacksTracedtoEvolvingThreatTechniques","https://www.zscaler.com/blogs/security-research/rise-qakbot-attacks-traced-evolving-threat-techniques"
"189.37.80.240","RiseinQakbotAttacksTracedtoEvolvingThreatTechniques","https://www.zscaler.com/blogs/security-research/rise-qakbot-attacks-traced-evolving-threat-techniques"
"191.112.4.17","RiseinQakbotAttacksTracedtoEvolvingThreatTechniques","https://www.zscaler.com/blogs/security-research/rise-qakbot-attacks-traced-evolving-threat-techniques"
"101.108.199.194","RiseinQakbotAttacksTracedtoEvolvingThreatTechniques","https://www.zscaler.com/blogs/security-research/rise-qakbot-attacks-traced-evolving-threat-techniques"
"189.223.102.22","RiseinQakbotAttacksTracedtoEvolvingThreatTechniques","https://www.zscaler.com/blogs/security-research/rise-qakbot-attacks-traced-evolving-threat-techniques"
"91.234.254.106","RiseinQakbotAttacksTracedtoEvolvingThreatTechniques","https://www.zscaler.com/blogs/security-research/rise-qakbot-attacks-traced-evolving-threat-techniques"
"45.9.148.114","BlackByteSecurityNews","https://www.trendmicro.com/vinfo/my/security/news/ransomware-spotlight/ransomware-spotlight-blackbyte"
"185.93.6.31","BlackByteSecurityNews","https://www.trendmicro.com/vinfo/my/security/news/ransomware-spotlight/ransomware-spotlight-blackbyte"
"213.180.180.154","YamaBotMalwareUsedbyLazarus","https://blogs.jpcert.or.jp/en/2022/07/yamabot.html"
"193.34.76.44","NoMercyStealerAddingNewFeatures","https://blog.cyble.com/2022/07/07/nomercy-stealer-adding-new-features/"
"137.220.176.165","RussianOrganizationsIncreasinglyUnderAttackByChineseAPTs","https://www.sentinelone.com/labs/targets-of-interest-russian-organizations-increasingly-under-attack-by-chinese-apts/"
"162.243.103.246","EmotetinfectionwithCobaltStrike","https://isc.sans.edu/diary/rss/28824"
"164.90.222.65","EmotetinfectionwithCobaltStrike","https://isc.sans.edu/diary/rss/28824"
"144.202.108.116","EmotetinfectionwithCobaltStrike","https://isc.sans.edu/diary/rss/28824"
"146.59.151.250","EmotetinfectionwithCobaltStrike","https://isc.sans.edu/diary/rss/28824"
"138.197.68.35","EmotetinfectionwithCobaltStrike","https://isc.sans.edu/diary/rss/28824"
"201.73.143.120","EmotetinfectionwithCobaltStrike","https://isc.sans.edu/diary/rss/28824"
"112.78.112.34","EmotetinfectionwithCobaltStrike","https://isc.sans.edu/diary/rss/28824"
"178.255.41.17","EmotetinfectionwithCobaltStrike","https://isc.sans.edu/diary/rss/28824"
"193.53.245.52","EmotetinfectionwithCobaltStrike","https://isc.sans.edu/diary/rss/28824"
"213.244.123.150","SuspectedAPTCtwotailedscorpiontissuecamouflageThreemacommunicationsoftwareattackanalysis","https://mp.weixin.qq.com/s/1uJaPS-nuGNI8lQ1-ZekIA"
"154.19.203.208","AsyncRATBeingDistributedtoVulnerableMySQLServers","https://asec.ahnlab.com/en/36315/"
"91.195.240.103","BitterAPTcontinuestotargetBangladesh","https://www.secuinfra.com/en/techtalk/whatever-floats-your-boat-bitter-apt-continues-to-target-bangladesh/"
"194.36.191.196","BitterAPTcontinuestotargetBangladesh","https://www.secuinfra.com/en/techtalk/whatever-floats-your-boat-bitter-apt-continues-to-target-bangladesh/"
"162.0.232.109","BitterAPTcontinuestotargetBangladesh","https://www.secuinfra.com/en/techtalk/whatever-floats-your-boat-bitter-apt-continues-to-target-bangladesh/"
"64.44.131.109","BitterAPTcontinuestotargetBangladesh","https://www.secuinfra.com/en/techtalk/whatever-floats-your-boat-bitter-apt-continues-to-target-bangladesh/"
"139.162.195.169","BruteRatelCRedTeamingToolBeingAbusedbyMaliciousActors","https://unit42.paloaltonetworks.com/brute-ratel-c4-tool/"
"149.154.100.151","BruteRatelCRedTeamingToolBeingAbusedbyMaliciousActors","https://unit42.paloaltonetworks.com/brute-ratel-c4-tool/"
"31.184.198.83","BruteRatelCRedTeamingToolBeingAbusedbyMaliciousActors","https://unit42.paloaltonetworks.com/brute-ratel-c4-tool/"
"178.79.143.149","BruteRatelCRedTeamingToolBeingAbusedbyMaliciousActors","https://unit42.paloaltonetworks.com/brute-ratel-c4-tool/"
"104.6.92.229","BruteRatelCRedTeamingToolBeingAbusedbyMaliciousActors","https://unit42.paloaltonetworks.com/brute-ratel-c4-tool/"
"92.255.85.44","BruteRatelCRedTeamingToolBeingAbusedbyMaliciousActors","https://unit42.paloaltonetworks.com/brute-ratel-c4-tool/"
"92.255.85.173","BruteRatelCRedTeamingToolBeingAbusedbyMaliciousActors","https://unit42.paloaltonetworks.com/brute-ratel-c4-tool/"
"159.223.49.16","BruteRatelCRedTeamingToolBeingAbusedbyMaliciousActors","https://unit42.paloaltonetworks.com/brute-ratel-c4-tool/"
"194.87.70.14","BruteRatelCRedTeamingToolBeingAbusedbyMaliciousActors","https://unit42.paloaltonetworks.com/brute-ratel-c4-tool/"
"159.65.186.50","BruteRatelCRedTeamingToolBeingAbusedbyMaliciousActors","https://unit42.paloaltonetworks.com/brute-ratel-c4-tool/"
"137.184.199.17","BruteRatelCRedTeamingToolBeingAbusedbyMaliciousActors","https://unit42.paloaltonetworks.com/brute-ratel-c4-tool/"
"138.68.50.218","BruteRatelCRedTeamingToolBeingAbusedbyMaliciousActors","https://unit42.paloaltonetworks.com/brute-ratel-c4-tool/"
"138.68.58.43","BruteRatelCRedTeamingToolBeingAbusedbyMaliciousActors","https://unit42.paloaltonetworks.com/brute-ratel-c4-tool/"
"139.180.187.179","BruteRatelCRedTeamingToolBeingAbusedbyMaliciousActors","https://unit42.paloaltonetworks.com/brute-ratel-c4-tool/"
"147.182.247.103","BruteRatelCRedTeamingToolBeingAbusedbyMaliciousActors","https://unit42.paloaltonetworks.com/brute-ratel-c4-tool/"
"162.216.240.61","BruteRatelCRedTeamingToolBeingAbusedbyMaliciousActors","https://unit42.paloaltonetworks.com/brute-ratel-c4-tool/"
"172.105.102.247","BruteRatelCRedTeamingToolBeingAbusedbyMaliciousActors","https://unit42.paloaltonetworks.com/brute-ratel-c4-tool/"
"172.81.62.82","BruteRatelCRedTeamingToolBeingAbusedbyMaliciousActors","https://unit42.paloaltonetworks.com/brute-ratel-c4-tool/"
"178.79.168.110","BruteRatelCRedTeamingToolBeingAbusedbyMaliciousActors","https://unit42.paloaltonetworks.com/brute-ratel-c4-tool/"
"178.79.172.35","BruteRatelCRedTeamingToolBeingAbusedbyMaliciousActors","https://unit42.paloaltonetworks.com/brute-ratel-c4-tool/"
"185.138.164.112","BruteRatelCRedTeamingToolBeingAbusedbyMaliciousActors","https://unit42.paloaltonetworks.com/brute-ratel-c4-tool/"
"194.29.186.67","BruteRatelCRedTeamingToolBeingAbusedbyMaliciousActors","https://unit42.paloaltonetworks.com/brute-ratel-c4-tool/"
"213.168.249.232","BruteRatelCRedTeamingToolBeingAbusedbyMaliciousActors","https://unit42.paloaltonetworks.com/brute-ratel-c4-tool/"
"213.200.56.105","BruteRatelCRedTeamingToolBeingAbusedbyMaliciousActors","https://unit42.paloaltonetworks.com/brute-ratel-c4-tool/"
"45.144.225.3","BruteRatelCRedTeamingToolBeingAbusedbyMaliciousActors","https://unit42.paloaltonetworks.com/brute-ratel-c4-tool/"
"45.76.155.71","BruteRatelCRedTeamingToolBeingAbusedbyMaliciousActors","https://unit42.paloaltonetworks.com/brute-ratel-c4-tool/"
"45.79.36.192","BruteRatelCRedTeamingToolBeingAbusedbyMaliciousActors","https://unit42.paloaltonetworks.com/brute-ratel-c4-tool/"
"89.100.107.65","BruteRatelCRedTeamingToolBeingAbusedbyMaliciousActors","https://unit42.paloaltonetworks.com/brute-ratel-c4-tool/"
"94.130.130.43","BruteRatelCRedTeamingToolBeingAbusedbyMaliciousActors","https://unit42.paloaltonetworks.com/brute-ratel-c4-tool/"
"45.142.212.100","NewInfostealerDisguisedasCrackBeingDistributed","https://asec.ahnlab.com/en/35981/"
"85.239.34.235","NewInfostealerDisguisedasCrackBeingDistributed","https://asec.ahnlab.com/en/35981/"
"194.180.174.180","NewInfostealerDisguisedasCrackBeingDistributed","https://asec.ahnlab.com/en/35981/"
"45.140.146.169","NewInfostealerDisguisedasCrackBeingDistributed","https://asec.ahnlab.com/en/35981/"
"45.67.34.152","NewInfostealerDisguisedasCrackBeingDistributed","https://asec.ahnlab.com/en/35981/"
"94.158.244.213","NewInfostealerDisguisedasCrackBeingDistributed","https://asec.ahnlab.com/en/35981/"
"146.19.247.28","NewInfostealerDisguisedasCrackBeingDistributed","https://asec.ahnlab.com/en/35981/"
"146.19.247.52","NewInfostealerDisguisedasCrackBeingDistributed","https://asec.ahnlab.com/en/35981/"
"146.19.75.8","NewInfostealerDisguisedasCrackBeingDistributed","https://asec.ahnlab.com/en/35981/"
"146.70.124.71","NewInfostealerDisguisedasCrackBeingDistributed","https://asec.ahnlab.com/en/35981/"
"193.43.146.17","NewInfostealerDisguisedasCrackBeingDistributed","https://asec.ahnlab.com/en/35981/"
"193.43.146.22","NewInfostealerDisguisedasCrackBeingDistributed","https://asec.ahnlab.com/en/35981/"
"193.43.146.26","NewInfostealerDisguisedasCrackBeingDistributed","https://asec.ahnlab.com/en/35981/"
"194.180.174.186","NewInfostealerDisguisedasCrackBeingDistributed","https://asec.ahnlab.com/en/35981/"
"194.180.174.187","NewInfostealerDisguisedasCrackBeingDistributed","https://asec.ahnlab.com/en/35981/"
"45.133.216.145","NewInfostealerDisguisedasCrackBeingDistributed","https://asec.ahnlab.com/en/35981/"
"45.142.215.50","NewInfostealerDisguisedasCrackBeingDistributed","https://asec.ahnlab.com/en/35981/"
"45.142.215.92","NewInfostealerDisguisedasCrackBeingDistributed","https://asec.ahnlab.com/en/35981/"
"45.150.67.175","NewInfostealerDisguisedasCrackBeingDistributed","https://asec.ahnlab.com/en/35981/"
"45.152.86.98","NewInfostealerDisguisedasCrackBeingDistributed","https://asec.ahnlab.com/en/35981/"
"45.153.230.183","NewInfostealerDisguisedasCrackBeingDistributed","https://asec.ahnlab.com/en/35981/"
"45.159.251.21","NewInfostealerDisguisedasCrackBeingDistributed","https://asec.ahnlab.com/en/35981/"
"45.67.34.234","NewInfostealerDisguisedasCrackBeingDistributed","https://asec.ahnlab.com/en/35981/"
"45.84.0.152","NewInfostealerDisguisedasCrackBeingDistributed","https://asec.ahnlab.com/en/35981/"
"74.119.193.57","NewInfostealerDisguisedasCrackBeingDistributed","https://asec.ahnlab.com/en/35981/"
"77.91.102.115","NewInfostealerDisguisedasCrackBeingDistributed","https://asec.ahnlab.com/en/35981/"
"77.91.102.88","NewInfostealerDisguisedasCrackBeingDistributed","https://asec.ahnlab.com/en/35981/"
"77.91.103.31","NewInfostealerDisguisedasCrackBeingDistributed","https://asec.ahnlab.com/en/35981/"
"94.158.247.24","NewInfostealerDisguisedasCrackBeingDistributed","https://asec.ahnlab.com/en/35981/"
"135.181.105.89","NewInfostealerDisguisedasCrackBeingDistributed","https://asec.ahnlab.com/en/35981/"
"45.133.216.170","NewInfostealerDisguisedasCrackBeingDistributed","https://asec.ahnlab.com/en/35981/"
"45.133.216.249","NewInfostealerDisguisedasCrackBeingDistributed","https://asec.ahnlab.com/en/35981/"
"45.67.34.238","NewInfostealerDisguisedasCrackBeingDistributed","https://asec.ahnlab.com/en/35981/"
"77.91.74.67","NewInfostealerDisguisedasCrackBeingDistributed","https://asec.ahnlab.com/en/35981/"
"192.227.173.33","XloaderReturnswithNewInfectionTechnique","https://blog.cyble.com/2022/07/01/xloader-returns-with-new-infection-technique/"
"80.85.153.49","Revivefromspywaretoandroidbankingtrojan","https://www.cleafy.com/cleafy-labs/revive-from-spyware-to-android-banking-trojan"
"185.246.116.237","PennyWiseStealerAnEvasiveInfostealerleveragingYouTubetoinfectusers","https://blog.cyble.com/2022/06/30/infostealer/"
"207.148.109.111","TheSessionManagerIISbackdoorapossiblyoverlookedGELSEMIUMartefact","https://securelist.com/the-sessionmanager-iis-backdoor/106868/"
"45.153.243.93","BumblebeeNewLoaderRapidlyAssumingCentralPositioninCybercrimeEcosystem","https://symantec-enterprise-blogs.security.com/blogs/threat-intelligence/bumblebee-loader-cybercrime"
"154.56.0.221","BumblebeeNewLoaderRapidlyAssumingCentralPositioninCybercrimeEcosystem","https://symantec-enterprise-blogs.security.com/blogs/threat-intelligence/bumblebee-loader-cybercrime"
"51.68.146.200","BumblebeeNewLoaderRapidlyAssumingCentralPositioninCybercrimeEcosystem","https://symantec-enterprise-blogs.security.com/blogs/threat-intelligence/bumblebee-loader-cybercrime"
"103.140.187.131","ZuoRATHijacksSOHORouterstoSilentlyStalkNetworks","https://blog.lumen.com/zuorat-hijacks-soho-routers-to-silently-stalk-networks/"
"1.15.122.211","ZuoRATHijacksSOHORouterstoSilentlyStalkNetworks","https://blog.lumen.com/zuorat-hijacks-soho-routers-to-silently-stalk-networks/"
"110.42.185.232","ZuoRATHijacksSOHORouterstoSilentlyStalkNetworks","https://blog.lumen.com/zuorat-hijacks-soho-routers-to-silently-stalk-networks/"
"202.178.11.78","ZuoRATHijacksSOHORouterstoSilentlyStalkNetworks","https://blog.lumen.com/zuorat-hijacks-soho-routers-to-silently-stalk-networks/"
"101.99.91.10","ZuoRATHijacksSOHORouterstoSilentlyStalkNetworks","https://blog.lumen.com/zuorat-hijacks-soho-routers-to-silently-stalk-networks/"
"141.98.212.62","ZuoRATHijacksSOHORouterstoSilentlyStalkNetworks","https://blog.lumen.com/zuorat-hijacks-soho-routers-to-silently-stalk-networks/"
"91.196.70.49","ZuoRATHijacksSOHORouterstoSilentlyStalkNetworks","https://blog.lumen.com/zuorat-hijacks-soho-routers-to-silently-stalk-networks/"
"172.230.88.99","ZuoRATHijacksSOHORouterstoSilentlyStalkNetworks","https://blog.lumen.com/zuorat-hijacks-soho-routers-to-silently-stalk-networks/"
"116.206.92.26","AttacksonindustrialcontrolsystemsusingShadowPad","https://ics-cert.kaspersky.com/publications/reports/2022/06/27/attacks-on-industrial-control-systems-using-shadowpad/"
"69.172.80.131","AttacksonindustrialcontrolsystemsusingShadowPad","https://ics-cert.kaspersky.com/publications/reports/2022/06/27/attacks-on-industrial-control-systems-using-shadowpad/"
"45.32.101.191","BRONZESTARLIGHTRansomwareOperationsUseHUILoader","https://www.secureworks.com/research/bronze-starlight-ransomware-operations-use-hui-loader"
"172.105.229.30","BRONZESTARLIGHTRansomwareOperationsUseHUILoader","https://www.secureworks.com/research/bronze-starlight-ransomware-operations-use-hui-loader"
"45.61.139.38","BRONZESTARLIGHTRansomwareOperationsUseHUILoader","https://www.secureworks.com/research/bronze-starlight-ransomware-operations-use-hui-loader"
"203.96.191.70","CyberattackagainstUkrainiantelecommunicationsoperatorsusingDarkCrystalRATmalware","https://cert.gov.ua/article/405538"
"31.7.58.82","CyberattackagainstUkrainiantelecommunicationsoperatorsusingDarkCrystalRATmalware","https://cert.gov.ua/article/405538"
"103.27.202.127","CyberattackagainstUkrainiantelecommunicationsoperatorsusingDarkCrystalRATmalware","https://cert.gov.ua/article/405538"
"89.39.149.18","Lyceumsuicidedrone","https://www.clearskysec.com/wp-content/uploads/2022/06/Lyceum-suicide-drone-23.6.pdf"
"89.39.149.19","Lyceumsuicidedrone","https://www.clearskysec.com/wp-content/uploads/2022/06/Lyceum-suicide-drone-23.6.pdf"
"134.119.177.107","UnidentifiedRAT","https://www.cisa.gov/uscert/ncas/analysis-reports/ar22-174b"
"155.94.211.207","UnidentifiedRAT","https://www.cisa.gov/uscert/ncas/analysis-reports/ar22-174b"
"162.245.190.203","UnidentifiedRAT","https://www.cisa.gov/uscert/ncas/analysis-reports/ar22-174b"
"185.136.163.104","UnidentifiedRAT","https://www.cisa.gov/uscert/ncas/analysis-reports/ar22-174b"
"104.223.34.198","MaliciousCyberActorsContinuetoExploitLogShellinVMwareHorizonSystems","https://www.cisa.gov/uscert/ncas/alerts/aa22-174a"
"192.95.20.8","MaliciousCyberActorsContinuetoExploitLogShellinVMwareHorizonSystems","https://www.cisa.gov/uscert/ncas/alerts/aa22-174a"
"134.119.177.107","MaliciousCyberActorsContinuetoExploitLogShellinVMwareHorizonSystems","https://www.cisa.gov/uscert/ncas/alerts/aa22-174a"
"92.222.241.76","MaliciousCyberActorsContinuetoExploitLogShellinVMwareHorizonSystems","https://www.cisa.gov/uscert/ncas/alerts/aa22-174a"
"109.248.150.13","MaliciousCyberActorsContinuetoExploitLogShellinVMwareHorizonSystems","https://www.cisa.gov/uscert/ncas/alerts/aa22-174a"
"155.94.211.207","MaliciousCyberActorsContinuetoExploitLogShellinVMwareHorizonSystems","https://www.cisa.gov/uscert/ncas/alerts/aa22-174a"
"162.245.190.203","MaliciousCyberActorsContinuetoExploitLogShellinVMwareHorizonSystems","https://www.cisa.gov/uscert/ncas/alerts/aa22-174a"
"185.136.163.104","MaliciousCyberActorsContinuetoExploitLogShellinVMwareHorizonSystems","https://www.cisa.gov/uscert/ncas/alerts/aa22-174a"
"159.75.83.212","ChineseactortakesaimarmedwithNimLanguageandBizarroAES","https://research.checkpoint.com/2022/chinese-actor-takes-aim-armed-with-nim-language-and-bizarro-aes/"
"45.77.178.47","ChineseactortakesaimarmedwithNimLanguageandBizarroAES","https://research.checkpoint.com/2022/chinese-actor-takes-aim-armed-with-nim-language-and-bizarro-aes/"
"101.32.36.76","ChineseactortakesaimarmedwithNimLanguageandBizarroAES","https://research.checkpoint.com/2022/chinese-actor-takes-aim-armed-with-nim-language-and-bizarro-aes/"
"106.53.120.204","ChineseactortakesaimarmedwithNimLanguageandBizarroAES","https://research.checkpoint.com/2022/chinese-actor-takes-aim-armed-with-nim-language-and-bizarro-aes/"
"118.195.161.141","ChineseactortakesaimarmedwithNimLanguageandBizarroAES","https://research.checkpoint.com/2022/chinese-actor-takes-aim-armed-with-nim-language-and-bizarro-aes/"
"132.232.92.218","ChineseactortakesaimarmedwithNimLanguageandBizarroAES","https://research.checkpoint.com/2022/chinese-actor-takes-aim-armed-with-nim-language-and-bizarro-aes/"
"134.175.197.144","ChineseactortakesaimarmedwithNimLanguageandBizarroAES","https://research.checkpoint.com/2022/chinese-actor-takes-aim-armed-with-nim-language-and-bizarro-aes/"
"150.109.114.190","ChineseactortakesaimarmedwithNimLanguageandBizarroAES","https://research.checkpoint.com/2022/chinese-actor-takes-aim-armed-with-nim-language-and-bizarro-aes/"
"155.138.155.181","ChineseactortakesaimarmedwithNimLanguageandBizarroAES","https://research.checkpoint.com/2022/chinese-actor-takes-aim-armed-with-nim-language-and-bizarro-aes/"
"159.75.144.13","ChineseactortakesaimarmedwithNimLanguageandBizarroAES","https://research.checkpoint.com/2022/chinese-actor-takes-aim-armed-with-nim-language-and-bizarro-aes/"
"159.75.155.13","ChineseactortakesaimarmedwithNimLanguageandBizarroAES","https://research.checkpoint.com/2022/chinese-actor-takes-aim-armed-with-nim-language-and-bizarro-aes/"
"159.75.81.151","ChineseactortakesaimarmedwithNimLanguageandBizarroAES","https://research.checkpoint.com/2022/chinese-actor-takes-aim-armed-with-nim-language-and-bizarro-aes/"
"212.182.121.97","ChineseactortakesaimarmedwithNimLanguageandBizarroAES","https://research.checkpoint.com/2022/chinese-actor-takes-aim-armed-with-nim-language-and-bizarro-aes/"
"43.129.177.152","ChineseactortakesaimarmedwithNimLanguageandBizarroAES","https://research.checkpoint.com/2022/chinese-actor-takes-aim-armed-with-nim-language-and-bizarro-aes/"
"43.134.194.237","ChineseactortakesaimarmedwithNimLanguageandBizarroAES","https://research.checkpoint.com/2022/chinese-actor-takes-aim-armed-with-nim-language-and-bizarro-aes/"
"43.154.74.7","ChineseactortakesaimarmedwithNimLanguageandBizarroAES","https://research.checkpoint.com/2022/chinese-actor-takes-aim-armed-with-nim-language-and-bizarro-aes/"
"43.154.85.5","ChineseactortakesaimarmedwithNimLanguageandBizarroAES","https://research.checkpoint.com/2022/chinese-actor-takes-aim-armed-with-nim-language-and-bizarro-aes/"
"43.154.88.192","ChineseactortakesaimarmedwithNimLanguageandBizarroAES","https://research.checkpoint.com/2022/chinese-actor-takes-aim-armed-with-nim-language-and-bizarro-aes/"
"49.232.142.8","ChineseactortakesaimarmedwithNimLanguageandBizarroAES","https://research.checkpoint.com/2022/chinese-actor-takes-aim-armed-with-nim-language-and-bizarro-aes/"
"82.156.178.135","ChineseactortakesaimarmedwithNimLanguageandBizarroAES","https://research.checkpoint.com/2022/chinese-actor-takes-aim-armed-with-nim-language-and-bizarro-aes/"
"82.157.51.214","ChineseactortakesaimarmedwithNimLanguageandBizarroAES","https://research.checkpoint.com/2022/chinese-actor-takes-aim-armed-with-nim-language-and-bizarro-aes/"
"82.157.62.199","ChineseactortakesaimarmedwithNimLanguageandBizarroAES","https://research.checkpoint.com/2022/chinese-actor-takes-aim-armed-with-nim-language-and-bizarro-aes/"
"144.208.77.68","RussiasAPTusesfearofnuclearwartospreadFollinadocsinUkraine","https://blog.malwarebytes.com/threat-intelligence/2022/06/russias-apt28-uses-fear-of-nuclear-war-to-spread-follina-docs-in-ukraine/"
"93.57.84.78","LookoutUncoversAndroidSpywareDeployedinKazakhstan","https://www.lookout.com/blog/hermit-spyware-discovery"
"2.228.150.86","LookoutUncoversAndroidSpywareDeployedinKazakhstan","https://www.lookout.com/blog/hermit-spyware-discovery"
"2.229.68.182","LookoutUncoversAndroidSpywareDeployedinKazakhstan","https://www.lookout.com/blog/hermit-spyware-discovery"
"45.148.30.122","LookoutUncoversAndroidSpywareDeployedinKazakhstan","https://www.lookout.com/blog/hermit-spyware-discovery"
"85.159.27.61","LookoutUncoversAndroidSpywareDeployedinKazakhstan","https://www.lookout.com/blog/hermit-spyware-discovery"
"93.39.197.234","LookoutUncoversAndroidSpywareDeployedinKazakhstan","https://www.lookout.com/blog/hermit-spyware-discovery"
"93.51.226.53","LookoutUncoversAndroidSpywareDeployedinKazakhstan","https://www.lookout.com/blog/hermit-spyware-discovery"
"144.208.127.245","MatanbuchuswithCobaltStrike","https://isc.sans.edu/diary/rss/28752"
"213.226.114.15","MatanbuchuswithCobaltStrike","https://isc.sans.edu/diary/rss/28752"
"190.123.44.220","MatanbuchuswithCobaltStrike","https://isc.sans.edu/diary/rss/28752"
"185.217.1.23","MatanbuchuswithCobaltStrike","https://isc.sans.edu/diary/rss/28752"
"51.83.225.224","BRATAisevolvingintoanAPT","https://www.cleafy.com/cleafy-labs/brata-is-evolving-into-an-advanced-persistent-threat"
"51.83.251.214","BRATAisevolvingintoanAPT","https://www.cleafy.com/cleafy-labs/brata-is-evolving-into-an-advanced-persistent-threat"
"5.101.0.44","FLabsInvestigatesMaliBot","https://www.f5.com/labs/articles/threat-intelligence/f5-labs-investigates-malibot"
"212.192.241.155","TelerikUIexploitationleadstocryptominerCobaltStrikeinfections","https://news.sophos.com/en-us/2022/06/15/telerik-ui-exploitation-leads-to-cryptominer-cobalt-strike-infections/ https://github.com/sophoslabs/IoCs/blob/master/Troj-Miner-AED.csv"
